"Source:","/home/billy/Narrowband-SDR/pcb/SDR_board.sch"
"Date:","Mon 28 Sep 2020 21:35:17 AEST"
"Tool:","Eeschema 5.0.2-bee76a0~70~ubuntu18.04.1"
"Generator:","/usr/share/kicad/plugins/bom_csv_grouped_by_value.py"
"Component Count:","479"

"Individual Components:"

"Item","Qty","Reference(s)","Value","LibPart","Footprint","Datasheet","Field4","Field5","Field6","Field7","Field8"
"","","C1","1uF","Device:C_Small","Capacitor_SMD:C_0603_1608Metric_Pad1.05x0.95mm_HandSolder","~","","","","",""
"","","C2","1uF","Device:C_Small","Capacitor_SMD:C_0603_1608Metric_Pad1.05x0.95mm_HandSolder","~","","","","",""
"","","C3","0.1uF","Device:C_Small","Capacitor_SMD:C_0603_1608Metric_Pad1.05x0.95mm_HandSolder","~","","","","",""
"","","C4","4.7uF","Device:CP_Small","Capacitor_SMD:C_1206_3216Metric_Pad1.42x1.75mm_HandSolder","~","","","","",""
"","","C5","4.7uF","Device:CP_Small","Capacitor_SMD:C_1206_3216Metric_Pad1.42x1.75mm_HandSolder","~","","","","",""
"","","C6","1nF","Device:C_Small","Capacitor_SMD:C_0603_1608Metric_Pad1.05x0.95mm_HandSolder","~","","","","",""
"","","C7","10nF","Device:C_Small","Capacitor_SMD:C_0603_1608Metric_Pad1.05x0.95mm_HandSolder","~","","","","",""
"","","C8","0.1uF","Device:C_Small","Capacitor_SMD:C_0603_1608Metric_Pad1.05x0.95mm_HandSolder","~","","","","",""
"","","C9","1nF","Device:C_Small","Capacitor_SMD:C_0603_1608Metric_Pad1.05x0.95mm_HandSolder","~","","","","",""
"","","C10","0.1uF","Device:C_Small","Capacitor_SMD:C_0603_1608Metric_Pad1.05x0.95mm_HandSolder","~","","","","",""
"","","C11","10nF","Device:C_Small","Capacitor_SMD:C_0603_1608Metric_Pad1.05x0.95mm_HandSolder","~","","","","",""
"","","C12","10nF","Device:C_Small","Capacitor_SMD:C_0603_1608Metric_Pad1.05x0.95mm_HandSolder","~","","","","",""
"","","C13","10nF","Device:C_Small","Capacitor_SMD:C_0603_1608Metric_Pad1.05x0.95mm_HandSolder","~","","","","",""
"","","C14","0.1uF","Device:C_Small","Capacitor_SMD:C_0603_1608Metric_Pad1.05x0.95mm_HandSolder","~","","","","",""
"","","C15","10pF","Device:C_Small","Capacitor_SMD:C_0603_1608Metric_Pad1.05x0.95mm_HandSolder","~","","","","",""
"","","C16","1nF","Device:C_Small","Capacitor_SMD:C_0603_1608Metric_Pad1.05x0.95mm_HandSolder","~","","","","",""
"","","C17","10pF","Device:C_Small","Capacitor_SMD:C_0603_1608Metric_Pad1.05x0.95mm_HandSolder","~","","","","",""
"","","C18","0.1uF","Device:C_Small","Capacitor_SMD:C_0603_1608Metric_Pad1.05x0.95mm_HandSolder","~","","","","",""
"","","C19","10nF","Device:C_Small","Capacitor_SMD:C_0603_1608Metric_Pad1.05x0.95mm_HandSolder","~","","","","",""
"","","C20","0.1uF","Device:C_Small","Capacitor_SMD:C_0603_1608Metric_Pad1.05x0.95mm_HandSolder","~","","","","",""
"","","C21","1uF","Device:C_Small","Capacitor_SMD:C_0603_1608Metric_Pad1.05x0.95mm_HandSolder","~","","","","",""
"","","C201","0.1uF","Device:C_Small","Capacitor_SMD:C_0603_1608Metric_Pad1.05x0.95mm_HandSolder","~","","","","",""
"","","C202","0.1uF","Device:C_Small","Capacitor_SMD:C_0603_1608Metric_Pad1.05x0.95mm_HandSolder","~","","","","",""
"","","C203","100pF","Device:C_Small","Capacitor_SMD:C_0603_1608Metric_Pad1.05x0.95mm_HandSolder","~","","","","",""
"","","C204","100pF","Device:C_Small","Capacitor_SMD:C_0603_1608Metric_Pad1.05x0.95mm_HandSolder","~","","","","",""
"","","C205","100pF","Device:C_Small","Capacitor_SMD:C_0603_1608Metric_Pad1.05x0.95mm_HandSolder","~","","","","",""
"","","C206","100pF","Device:C_Small","Capacitor_SMD:C_0603_1608Metric_Pad1.05x0.95mm_HandSolder","~","","","","",""
"","","C207","100pF","Device:C_Small","Capacitor_SMD:C_0603_1608Metric_Pad1.05x0.95mm_HandSolder","~","","","","",""
"","","C208","100pF","Device:C_Small","Capacitor_SMD:C_0603_1608Metric_Pad1.05x0.95mm_HandSolder","~","","","","",""
"","","C209","100pF","Device:C_Small","Capacitor_SMD:C_0603_1608Metric_Pad1.05x0.95mm_HandSolder","~","","","","",""
"","","C210","10nF","Device:C_Small","Capacitor_SMD:C_0603_1608Metric_Pad1.05x0.95mm_HandSolder","~","","","","",""
"","","C211","100pF","Device:C_Small","Capacitor_SMD:C_0603_1608Metric_Pad1.05x0.95mm_HandSolder","~","","","","",""
"","","C212","10nF","Device:C_Small","Capacitor_SMD:C_0603_1608Metric_Pad1.05x0.95mm_HandSolder","~","","","","",""
"","","C213","100pF","Device:C_Small","Capacitor_SMD:C_0603_1608Metric_Pad1.05x0.95mm_HandSolder","~","","","","",""
"","","C214","100pF","Device:C_Small","Capacitor_SMD:C_0603_1608Metric_Pad1.05x0.95mm_HandSolder","~","","","","",""
"","","C215","220pF","Device:C_Small","Capacitor_SMD:C_0603_1608Metric_Pad1.05x0.95mm_HandSolder","~","","","","",""
"","","C216","100pF","Device:C_Small","Capacitor_SMD:C_0603_1608Metric_Pad1.05x0.95mm_HandSolder","~","","","","",""
"","","C217","100pF","Device:C_Small","Capacitor_SMD:C_0603_1608Metric_Pad1.05x0.95mm_HandSolder","~","","","","",""
"","","C218","0.1uF","Device:C_Small","Capacitor_SMD:C_0603_1608Metric_Pad1.05x0.95mm_HandSolder","~","","","","",""
"","","C219","220pF","Device:C_Small","Capacitor_SMD:C_0603_1608Metric_Pad1.05x0.95mm_HandSolder","~","","","","",""
"","","C220","220pF","Device:C_Small","Capacitor_SMD:C_0603_1608Metric_Pad1.05x0.95mm_HandSolder","~","","","","",""
"","","C221","220pF","Device:C_Small","Capacitor_SMD:C_0603_1608Metric_Pad1.05x0.95mm_HandSolder","~","","","","",""
"","","C222","220pF","Device:C_Small","Capacitor_SMD:C_0603_1608Metric_Pad1.05x0.95mm_HandSolder","~","","","","",""
"","","C223","220pF","Device:C_Small","Capacitor_SMD:C_0603_1608Metric_Pad1.05x0.95mm_HandSolder","~","","","","",""
"","","C224","1nF","Device:C_Small","Capacitor_SMD:C_0603_1608Metric_Pad1.05x0.95mm_HandSolder","~","","","","",""
"","","C225","0.1uF","Device:C_Small","Capacitor_SMD:C_0603_1608Metric_Pad1.05x0.95mm_HandSolder","~","","","","",""
"","","C226","1uF","Device:C_Small","Capacitor_SMD:C_0603_1608Metric_Pad1.05x0.95mm_HandSolder","~","","","","",""
"","","C227","1nF","Device:C_Small","Capacitor_SMD:C_0603_1608Metric_Pad1.05x0.95mm_HandSolder","~","","","","",""
"","","C228","100pF","Device:C_Small","Capacitor_SMD:C_0603_1608Metric_Pad1.05x0.95mm_HandSolder","~","","","","",""
"","","C229","100pF","Device:C_Small","Capacitor_SMD:C_0603_1608Metric_Pad1.05x0.95mm_HandSolder","~","","","","",""
"","","C230","1nF","Device:C_Small","Capacitor_SMD:C_0603_1608Metric_Pad1.05x0.95mm_HandSolder","~","","","","",""
"","","C231","1nF","Device:C_Small","Capacitor_SMD:C_0603_1608Metric_Pad1.05x0.95mm_HandSolder","~","","","","",""
"","","C232","220pF","Device:C_Small","Capacitor_SMD:C_0603_1608Metric_Pad1.05x0.95mm_HandSolder","~","","","","",""
"","","C233","220pF","Device:C_Small","Capacitor_SMD:C_0603_1608Metric_Pad1.05x0.95mm_HandSolder","~","","","","",""
"","","C234","1nF","Device:C_Small","Capacitor_SMD:C_0603_1608Metric_Pad1.05x0.95mm_HandSolder","~","","","","",""
"","","C235","39nF","Device:C_Small","Capacitor_SMD:C_0603_1608Metric_Pad1.05x0.95mm_HandSolder","~","","","","",""
"","","C236","2.7nF","Device:C_Small","Capacitor_SMD:C_0603_1608Metric_Pad1.05x0.95mm_HandSolder","~","","","","",""
"","","C237","2.7nF","Device:C_Small","Capacitor_SMD:C_0603_1608Metric_Pad1.05x0.95mm_HandSolder","~","","","","",""
"","","C238","10nF","Device:C_Small","Capacitor_SMD:C_0603_1608Metric_Pad1.05x0.95mm_HandSolder","~","","","","",""
"","","C239","0.1uF","Device:C_Small","Capacitor_SMD:C_0603_1608Metric_Pad1.05x0.95mm_HandSolder","~","","","","",""
"","","C240","10nF","Device:C_Small","Capacitor_SMD:C_0603_1608Metric_Pad1.05x0.95mm_HandSolder","~","","","","",""
"","","C241","100pF","Device:C_Small","Capacitor_SMD:C_0603_1608Metric_Pad1.05x0.95mm_HandSolder","~","","","","",""
"","","C242","100pF","Device:C_Small","Capacitor_SMD:C_0603_1608Metric_Pad1.05x0.95mm_HandSolder","~","","","","",""
"","","C243","10nF","Device:C_Small","Capacitor_SMD:C_0603_1608Metric_Pad1.05x0.95mm_HandSolder","~","","","","",""
"","","C244","0.1uF","Device:C_Small","Capacitor_SMD:C_0603_1608Metric_Pad1.05x0.95mm_HandSolder","~","","","","",""
"","","C245","10nF","Device:C_Small","Capacitor_SMD:C_0603_1608Metric_Pad1.05x0.95mm_HandSolder","~","","","","",""
"","","C246","4.7uF","Device:CP_Small","Capacitor_SMD:C_1206_3216Metric_Pad1.42x1.75mm_HandSolder","~","","","","",""
"","","C247","10nF","Device:C_Small","Capacitor_SMD:C_0603_1608Metric_Pad1.05x0.95mm_HandSolder","~","","","","",""
"","","C248","0.1uF","Device:C_Small","Capacitor_SMD:C_0603_1608Metric_Pad1.05x0.95mm_HandSolder","~","","","","",""
"","","C249","100pF","Device:C_Small","Capacitor_SMD:C_0603_1608Metric_Pad1.05x0.95mm_HandSolder","~","","","","",""
"","","C250","100pF","Device:C_Small","Capacitor_SMD:C_0603_1608Metric_Pad1.05x0.95mm_HandSolder","~","","","","",""
"","","C301","0.1uF","Device:C_Small","Capacitor_SMD:C_0603_1608Metric_Pad1.05x0.95mm_HandSolder","~","","","","",""
"","","C302","0.1uF","Device:C_Small","Capacitor_SMD:C_0603_1608Metric_Pad1.05x0.95mm_HandSolder","~","","","","",""
"","","C303","100pF","Device:C_Small","Capacitor_SMD:C_0603_1608Metric_Pad1.05x0.95mm_HandSolder","~","","","","",""
"","","C304","100pF","Device:C_Small","Capacitor_SMD:C_0603_1608Metric_Pad1.05x0.95mm_HandSolder","~","","","","",""
"","","C305","100pF","Device:C_Small","Capacitor_SMD:C_0603_1608Metric_Pad1.05x0.95mm_HandSolder","~","","","","",""
"","","C306","100pF","Device:C_Small","Capacitor_SMD:C_0603_1608Metric_Pad1.05x0.95mm_HandSolder","~","","","","",""
"","","C307","100pF","Device:C_Small","Capacitor_SMD:C_0603_1608Metric_Pad1.05x0.95mm_HandSolder","~","","","","",""
"","","C308","100pF","Device:C_Small","Capacitor_SMD:C_0603_1608Metric_Pad1.05x0.95mm_HandSolder","~","","","","",""
"","","C309","100pF","Device:C_Small","Capacitor_SMD:C_0603_1608Metric_Pad1.05x0.95mm_HandSolder","~","","","","",""
"","","C310","10nF","Device:C_Small","Capacitor_SMD:C_0603_1608Metric_Pad1.05x0.95mm_HandSolder","~","","","","",""
"","","C311","100pF","Device:C_Small","Capacitor_SMD:C_0603_1608Metric_Pad1.05x0.95mm_HandSolder","~","","","","",""
"","","C312","10nF","Device:C_Small","Capacitor_SMD:C_0603_1608Metric_Pad1.05x0.95mm_HandSolder","~","","","","",""
"","","C313","100pF","Device:C_Small","Capacitor_SMD:C_0603_1608Metric_Pad1.05x0.95mm_HandSolder","~","","","","",""
"","","C314","100pF","Device:C_Small","Capacitor_SMD:C_0603_1608Metric_Pad1.05x0.95mm_HandSolder","~","","","","",""
"","","C315","220pF","Device:C_Small","Capacitor_SMD:C_0603_1608Metric_Pad1.05x0.95mm_HandSolder","~","","","","",""
"","","C316","100pF","Device:C_Small","Capacitor_SMD:C_0603_1608Metric_Pad1.05x0.95mm_HandSolder","~","","","","",""
"","","C317","100pF","Device:C_Small","Capacitor_SMD:C_0603_1608Metric_Pad1.05x0.95mm_HandSolder","~","","","","",""
"","","C318","0.1uF","Device:C_Small","Capacitor_SMD:C_0603_1608Metric_Pad1.05x0.95mm_HandSolder","~","","","","",""
"","","C319","220pF","Device:C_Small","Capacitor_SMD:C_0603_1608Metric_Pad1.05x0.95mm_HandSolder","~","","","","",""
"","","C320","220pF","Device:C_Small","Capacitor_SMD:C_0603_1608Metric_Pad1.05x0.95mm_HandSolder","~","","","","",""
"","","C321","220pF","Device:C_Small","Capacitor_SMD:C_0603_1608Metric_Pad1.05x0.95mm_HandSolder","~","","","","",""
"","","C322","220pF","Device:C_Small","Capacitor_SMD:C_0603_1608Metric_Pad1.05x0.95mm_HandSolder","~","","","","",""
"","","C323","220pF","Device:C_Small","Capacitor_SMD:C_0603_1608Metric_Pad1.05x0.95mm_HandSolder","~","","","","",""
"","","C324","1nF","Device:C_Small","Capacitor_SMD:C_0603_1608Metric_Pad1.05x0.95mm_HandSolder","~","","","","",""
"","","C325","0.1uF","Device:C_Small","Capacitor_SMD:C_0603_1608Metric_Pad1.05x0.95mm_HandSolder","~","","","","",""
"","","C326","1uF","Device:C_Small","Capacitor_SMD:C_0603_1608Metric_Pad1.05x0.95mm_HandSolder","~","","","","",""
"","","C327","1nF","Device:C_Small","Capacitor_SMD:C_0603_1608Metric_Pad1.05x0.95mm_HandSolder","~","","","","",""
"","","C328","100pF","Device:C_Small","Capacitor_SMD:C_0603_1608Metric_Pad1.05x0.95mm_HandSolder","~","","","","",""
"","","C329","100pF","Device:C_Small","Capacitor_SMD:C_0603_1608Metric_Pad1.05x0.95mm_HandSolder","~","","","","",""
"","","C330","1nF","Device:C_Small","Capacitor_SMD:C_0603_1608Metric_Pad1.05x0.95mm_HandSolder","~","","","","",""
"","","C331","1nF","Device:C_Small","Capacitor_SMD:C_0603_1608Metric_Pad1.05x0.95mm_HandSolder","~","","","","",""
"","","C332","220pF","Device:C_Small","Capacitor_SMD:C_0603_1608Metric_Pad1.05x0.95mm_HandSolder","~","","","","",""
"","","C333","220pF","Device:C_Small","Capacitor_SMD:C_0603_1608Metric_Pad1.05x0.95mm_HandSolder","~","","","","",""
"","","C334","1nF","Device:C_Small","Capacitor_SMD:C_0603_1608Metric_Pad1.05x0.95mm_HandSolder","~","","","","",""
"","","C335","39nF","Device:C_Small","Capacitor_SMD:C_0603_1608Metric_Pad1.05x0.95mm_HandSolder","~","","","","",""
"","","C336","2.7nF","Device:C_Small","Capacitor_SMD:C_0603_1608Metric_Pad1.05x0.95mm_HandSolder","~","","","","",""
"","","C337","2.7nF","Device:C_Small","Capacitor_SMD:C_0603_1608Metric_Pad1.05x0.95mm_HandSolder","~","","","","",""
"","","C338","10nF","Device:C_Small","Capacitor_SMD:C_0603_1608Metric_Pad1.05x0.95mm_HandSolder","~","","","","",""
"","","C339","0.1uF","Device:C_Small","Capacitor_SMD:C_0603_1608Metric_Pad1.05x0.95mm_HandSolder","~","","","","",""
"","","C340","10nF","Device:C_Small","Capacitor_SMD:C_0603_1608Metric_Pad1.05x0.95mm_HandSolder","~","","","","",""
"","","C341","100pF","Device:C_Small","Capacitor_SMD:C_0603_1608Metric_Pad1.05x0.95mm_HandSolder","~","","","","",""
"","","C342","100pF","Device:C_Small","Capacitor_SMD:C_0603_1608Metric_Pad1.05x0.95mm_HandSolder","~","","","","",""
"","","C343","10nF","Device:C_Small","Capacitor_SMD:C_0603_1608Metric_Pad1.05x0.95mm_HandSolder","~","","","","",""
"","","C344","0.1uF","Device:C_Small","Capacitor_SMD:C_0603_1608Metric_Pad1.05x0.95mm_HandSolder","~","","","","",""
"","","C345","10nF","Device:C_Small","Capacitor_SMD:C_0603_1608Metric_Pad1.05x0.95mm_HandSolder","~","","","","",""
"","","C346","4.7uF","Device:CP_Small","Capacitor_SMD:C_1206_3216Metric_Pad1.42x1.75mm_HandSolder","~","","","","",""
"","","C347","10nF","Device:C_Small","Capacitor_SMD:C_0603_1608Metric_Pad1.05x0.95mm_HandSolder","~","","","","",""
"","","C348","0.1uF","Device:C_Small","Capacitor_SMD:C_0603_1608Metric_Pad1.05x0.95mm_HandSolder","~","","","","",""
"","","C349","100pF","Device:C_Small","Capacitor_SMD:C_0603_1608Metric_Pad1.05x0.95mm_HandSolder","~","","","","",""
"","","C350","100pF","Device:C_Small","Capacitor_SMD:C_0603_1608Metric_Pad1.05x0.95mm_HandSolder","~","","","","",""
"","","C401","0.1uF","Device:C_Small","Capacitor_SMD:C_0603_1608Metric_Pad1.05x0.95mm_HandSolder","~","","","","",""
"","","C402","0.1uF","Device:C_Small","Capacitor_SMD:C_0603_1608Metric_Pad1.05x0.95mm_HandSolder","~","","","","",""
"","","C403","100pF","Device:C_Small","Capacitor_SMD:C_0603_1608Metric_Pad1.05x0.95mm_HandSolder","~","","","","",""
"","","C404","100pF","Device:C_Small","Capacitor_SMD:C_0603_1608Metric_Pad1.05x0.95mm_HandSolder","~","","","","",""
"","","C405","100pF","Device:C_Small","Capacitor_SMD:C_0603_1608Metric_Pad1.05x0.95mm_HandSolder","~","","","","",""
"","","C406","100pF","Device:C_Small","Capacitor_SMD:C_0603_1608Metric_Pad1.05x0.95mm_HandSolder","~","","","","",""
"","","C407","100pF","Device:C_Small","Capacitor_SMD:C_0603_1608Metric_Pad1.05x0.95mm_HandSolder","~","","","","",""
"","","C408","100pF","Device:C_Small","Capacitor_SMD:C_0603_1608Metric_Pad1.05x0.95mm_HandSolder","~","","","","",""
"","","C409","100pF","Device:C_Small","Capacitor_SMD:C_0603_1608Metric_Pad1.05x0.95mm_HandSolder","~","","","","",""
"","","C410","10nF","Device:C_Small","Capacitor_SMD:C_0603_1608Metric_Pad1.05x0.95mm_HandSolder","~","","","","",""
"","","C411","100pF","Device:C_Small","Capacitor_SMD:C_0603_1608Metric_Pad1.05x0.95mm_HandSolder","~","","","","",""
"","","C412","10nF","Device:C_Small","Capacitor_SMD:C_0603_1608Metric_Pad1.05x0.95mm_HandSolder","~","","","","",""
"","","C413","100pF","Device:C_Small","Capacitor_SMD:C_0603_1608Metric_Pad1.05x0.95mm_HandSolder","~","","","","",""
"","","C414","100pF","Device:C_Small","Capacitor_SMD:C_0603_1608Metric_Pad1.05x0.95mm_HandSolder","~","","","","",""
"","","C415","220pF","Device:C_Small","Capacitor_SMD:C_0603_1608Metric_Pad1.05x0.95mm_HandSolder","~","","","","",""
"","","C416","100pF","Device:C_Small","Capacitor_SMD:C_0603_1608Metric_Pad1.05x0.95mm_HandSolder","~","","","","",""
"","","C417","100pF","Device:C_Small","Capacitor_SMD:C_0603_1608Metric_Pad1.05x0.95mm_HandSolder","~","","","","",""
"","","C418","0.1uF","Device:C_Small","Capacitor_SMD:C_0603_1608Metric_Pad1.05x0.95mm_HandSolder","~","","","","",""
"","","C419","220pF","Device:C_Small","Capacitor_SMD:C_0603_1608Metric_Pad1.05x0.95mm_HandSolder","~","","","","",""
"","","C420","220pF","Device:C_Small","Capacitor_SMD:C_0603_1608Metric_Pad1.05x0.95mm_HandSolder","~","","","","",""
"","","C421","220pF","Device:C_Small","Capacitor_SMD:C_0603_1608Metric_Pad1.05x0.95mm_HandSolder","~","","","","",""
"","","C422","220pF","Device:C_Small","Capacitor_SMD:C_0603_1608Metric_Pad1.05x0.95mm_HandSolder","~","","","","",""
"","","C423","220pF","Device:C_Small","Capacitor_SMD:C_0603_1608Metric_Pad1.05x0.95mm_HandSolder","~","","","","",""
"","","C424","1nF","Device:C_Small","Capacitor_SMD:C_0603_1608Metric_Pad1.05x0.95mm_HandSolder","~","","","","",""
"","","C425","0.1uF","Device:C_Small","Capacitor_SMD:C_0603_1608Metric_Pad1.05x0.95mm_HandSolder","~","","","","",""
"","","C426","1uF","Device:C_Small","Capacitor_SMD:C_0603_1608Metric_Pad1.05x0.95mm_HandSolder","~","","","","",""
"","","C427","1nF","Device:C_Small","Capacitor_SMD:C_0603_1608Metric_Pad1.05x0.95mm_HandSolder","~","","","","",""
"","","C428","100pF","Device:C_Small","Capacitor_SMD:C_0603_1608Metric_Pad1.05x0.95mm_HandSolder","~","","","","",""
"","","C429","100pF","Device:C_Small","Capacitor_SMD:C_0603_1608Metric_Pad1.05x0.95mm_HandSolder","~","","","","",""
"","","C430","1nF","Device:C_Small","Capacitor_SMD:C_0603_1608Metric_Pad1.05x0.95mm_HandSolder","~","","","","",""
"","","C431","1nF","Device:C_Small","Capacitor_SMD:C_0603_1608Metric_Pad1.05x0.95mm_HandSolder","~","","","","",""
"","","C432","220pF","Device:C_Small","Capacitor_SMD:C_0603_1608Metric_Pad1.05x0.95mm_HandSolder","~","","","","",""
"","","C433","220pF","Device:C_Small","Capacitor_SMD:C_0603_1608Metric_Pad1.05x0.95mm_HandSolder","~","","","","",""
"","","C434","1nF","Device:C_Small","Capacitor_SMD:C_0603_1608Metric_Pad1.05x0.95mm_HandSolder","~","","","","",""
"","","C435","39nF","Device:C_Small","Capacitor_SMD:C_0603_1608Metric_Pad1.05x0.95mm_HandSolder","~","","","","",""
"","","C436","2.7nF","Device:C_Small","Capacitor_SMD:C_0603_1608Metric_Pad1.05x0.95mm_HandSolder","~","","","","",""
"","","C437","2.7nF","Device:C_Small","Capacitor_SMD:C_0603_1608Metric_Pad1.05x0.95mm_HandSolder","~","","","","",""
"","","C438","10nF","Device:C_Small","Capacitor_SMD:C_0603_1608Metric_Pad1.05x0.95mm_HandSolder","~","","","","",""
"","","C439","0.1uF","Device:C_Small","Capacitor_SMD:C_0603_1608Metric_Pad1.05x0.95mm_HandSolder","~","","","","",""
"","","C440","10nF","Device:C_Small","Capacitor_SMD:C_0603_1608Metric_Pad1.05x0.95mm_HandSolder","~","","","","",""
"","","C441","100pF","Device:C_Small","Capacitor_SMD:C_0603_1608Metric_Pad1.05x0.95mm_HandSolder","~","","","","",""
"","","C442","100pF","Device:C_Small","Capacitor_SMD:C_0603_1608Metric_Pad1.05x0.95mm_HandSolder","~","","","","",""
"","","C443","10nF","Device:C_Small","Capacitor_SMD:C_0603_1608Metric_Pad1.05x0.95mm_HandSolder","~","","","","",""
"","","C444","0.1uF","Device:C_Small","Capacitor_SMD:C_0603_1608Metric_Pad1.05x0.95mm_HandSolder","~","","","","",""
"","","C445","10nF","Device:C_Small","Capacitor_SMD:C_0603_1608Metric_Pad1.05x0.95mm_HandSolder","~","","","","",""
"","","C446","4.7uF","Device:CP_Small","Capacitor_SMD:C_1206_3216Metric_Pad1.42x1.75mm_HandSolder","~","","","","",""
"","","C447","10nF","Device:C_Small","Capacitor_SMD:C_0603_1608Metric_Pad1.05x0.95mm_HandSolder","~","","","","",""
"","","C448","0.1uF","Device:C_Small","Capacitor_SMD:C_0603_1608Metric_Pad1.05x0.95mm_HandSolder","~","","","","",""
"","","C449","100pF","Device:C_Small","Capacitor_SMD:C_0603_1608Metric_Pad1.05x0.95mm_HandSolder","~","","","","",""
"","","C450","100pF","Device:C_Small","Capacitor_SMD:C_0603_1608Metric_Pad1.05x0.95mm_HandSolder","~","","","","",""
"","","C501","0.1uF","Device:C_Small","Capacitor_SMD:C_0603_1608Metric_Pad1.05x0.95mm_HandSolder","~","","","","",""
"","","C502","0.1uF","Device:C_Small","Capacitor_SMD:C_0603_1608Metric_Pad1.05x0.95mm_HandSolder","~","","","","",""
"","","C503","100pF","Device:C_Small","Capacitor_SMD:C_0603_1608Metric_Pad1.05x0.95mm_HandSolder","~","","","","",""
"","","C504","100pF","Device:C_Small","Capacitor_SMD:C_0603_1608Metric_Pad1.05x0.95mm_HandSolder","~","","","","",""
"","","C505","100pF","Device:C_Small","Capacitor_SMD:C_0603_1608Metric_Pad1.05x0.95mm_HandSolder","~","","","","",""
"","","C506","100pF","Device:C_Small","Capacitor_SMD:C_0603_1608Metric_Pad1.05x0.95mm_HandSolder","~","","","","",""
"","","C507","100pF","Device:C_Small","Capacitor_SMD:C_0603_1608Metric_Pad1.05x0.95mm_HandSolder","~","","","","",""
"","","C508","100pF","Device:C_Small","Capacitor_SMD:C_0603_1608Metric_Pad1.05x0.95mm_HandSolder","~","","","","",""
"","","C509","100pF","Device:C_Small","Capacitor_SMD:C_0603_1608Metric_Pad1.05x0.95mm_HandSolder","~","","","","",""
"","","C510","10nF","Device:C_Small","Capacitor_SMD:C_0603_1608Metric_Pad1.05x0.95mm_HandSolder","~","","","","",""
"","","C511","100pF","Device:C_Small","Capacitor_SMD:C_0603_1608Metric_Pad1.05x0.95mm_HandSolder","~","","","","",""
"","","C512","10nF","Device:C_Small","Capacitor_SMD:C_0603_1608Metric_Pad1.05x0.95mm_HandSolder","~","","","","",""
"","","C513","100pF","Device:C_Small","Capacitor_SMD:C_0603_1608Metric_Pad1.05x0.95mm_HandSolder","~","","","","",""
"","","C514","100pF","Device:C_Small","Capacitor_SMD:C_0603_1608Metric_Pad1.05x0.95mm_HandSolder","~","","","","",""
"","","C515","220pF","Device:C_Small","Capacitor_SMD:C_0603_1608Metric_Pad1.05x0.95mm_HandSolder","~","","","","",""
"","","C516","100pF","Device:C_Small","Capacitor_SMD:C_0603_1608Metric_Pad1.05x0.95mm_HandSolder","~","","","","",""
"","","C517","100pF","Device:C_Small","Capacitor_SMD:C_0603_1608Metric_Pad1.05x0.95mm_HandSolder","~","","","","",""
"","","C518","0.1uF","Device:C_Small","Capacitor_SMD:C_0603_1608Metric_Pad1.05x0.95mm_HandSolder","~","","","","",""
"","","C519","220pF","Device:C_Small","Capacitor_SMD:C_0603_1608Metric_Pad1.05x0.95mm_HandSolder","~","","","","",""
"","","C520","220pF","Device:C_Small","Capacitor_SMD:C_0603_1608Metric_Pad1.05x0.95mm_HandSolder","~","","","","",""
"","","C521","220pF","Device:C_Small","Capacitor_SMD:C_0603_1608Metric_Pad1.05x0.95mm_HandSolder","~","","","","",""
"","","C522","220pF","Device:C_Small","Capacitor_SMD:C_0603_1608Metric_Pad1.05x0.95mm_HandSolder","~","","","","",""
"","","C523","220pF","Device:C_Small","Capacitor_SMD:C_0603_1608Metric_Pad1.05x0.95mm_HandSolder","~","","","","",""
"","","C524","1nF","Device:C_Small","Capacitor_SMD:C_0603_1608Metric_Pad1.05x0.95mm_HandSolder","~","","","","",""
"","","C525","0.1uF","Device:C_Small","Capacitor_SMD:C_0603_1608Metric_Pad1.05x0.95mm_HandSolder","~","","","","",""
"","","C526","1uF","Device:C_Small","Capacitor_SMD:C_0603_1608Metric_Pad1.05x0.95mm_HandSolder","~","","","","",""
"","","C527","1nF","Device:C_Small","Capacitor_SMD:C_0603_1608Metric_Pad1.05x0.95mm_HandSolder","~","","","","",""
"","","C528","100pF","Device:C_Small","Capacitor_SMD:C_0603_1608Metric_Pad1.05x0.95mm_HandSolder","~","","","","",""
"","","C529","100pF","Device:C_Small","Capacitor_SMD:C_0603_1608Metric_Pad1.05x0.95mm_HandSolder","~","","","","",""
"","","C530","1nF","Device:C_Small","Capacitor_SMD:C_0603_1608Metric_Pad1.05x0.95mm_HandSolder","~","","","","",""
"","","C531","1nF","Device:C_Small","Capacitor_SMD:C_0603_1608Metric_Pad1.05x0.95mm_HandSolder","~","","","","",""
"","","C532","220pF","Device:C_Small","Capacitor_SMD:C_0603_1608Metric_Pad1.05x0.95mm_HandSolder","~","","","","",""
"","","C533","220pF","Device:C_Small","Capacitor_SMD:C_0603_1608Metric_Pad1.05x0.95mm_HandSolder","~","","","","",""
"","","C534","1nF","Device:C_Small","Capacitor_SMD:C_0603_1608Metric_Pad1.05x0.95mm_HandSolder","~","","","","",""
"","","C535","39nF","Device:C_Small","Capacitor_SMD:C_0603_1608Metric_Pad1.05x0.95mm_HandSolder","~","","","","",""
"","","C536","2.7nF","Device:C_Small","Capacitor_SMD:C_0603_1608Metric_Pad1.05x0.95mm_HandSolder","~","","","","",""
"","","C537","2.7nF","Device:C_Small","Capacitor_SMD:C_0603_1608Metric_Pad1.05x0.95mm_HandSolder","~","","","","",""
"","","C538","10nF","Device:C_Small","Capacitor_SMD:C_0603_1608Metric_Pad1.05x0.95mm_HandSolder","~","","","","",""
"","","C539","0.1uF","Device:C_Small","Capacitor_SMD:C_0603_1608Metric_Pad1.05x0.95mm_HandSolder","~","","","","",""
"","","C540","10nF","Device:C_Small","Capacitor_SMD:C_0603_1608Metric_Pad1.05x0.95mm_HandSolder","~","","","","",""
"","","C541","100pF","Device:C_Small","Capacitor_SMD:C_0603_1608Metric_Pad1.05x0.95mm_HandSolder","~","","","","",""
"","","C542","100pF","Device:C_Small","Capacitor_SMD:C_0603_1608Metric_Pad1.05x0.95mm_HandSolder","~","","","","",""
"","","C543","10nF","Device:C_Small","Capacitor_SMD:C_0603_1608Metric_Pad1.05x0.95mm_HandSolder","~","","","","",""
"","","C544","0.1uF","Device:C_Small","Capacitor_SMD:C_0603_1608Metric_Pad1.05x0.95mm_HandSolder","~","","","","",""
"","","C545","10nF","Device:C_Small","Capacitor_SMD:C_0603_1608Metric_Pad1.05x0.95mm_HandSolder","~","","","","",""
"","","C546","4.7uF","Device:CP_Small","Capacitor_SMD:C_1206_3216Metric_Pad1.42x1.75mm_HandSolder","~","","","","",""
"","","C547","10nF","Device:C_Small","Capacitor_SMD:C_0603_1608Metric_Pad1.05x0.95mm_HandSolder","~","","","","",""
"","","C548","0.1uF","Device:C_Small","Capacitor_SMD:C_0603_1608Metric_Pad1.05x0.95mm_HandSolder","~","","","","",""
"","","C549","100pF","Device:C_Small","Capacitor_SMD:C_0603_1608Metric_Pad1.05x0.95mm_HandSolder","~","","","","",""
"","","C550","100pF","Device:C_Small","Capacitor_SMD:C_0603_1608Metric_Pad1.05x0.95mm_HandSolder","~","","","","",""
"","","D1","LED","Device:LED","LED_SMD:LED_0805_2012Metric_Pad1.15x1.40mm_HandSolder","~","","","","",""
"","","D2","LED","Device:LED","LED_SMD:LED_0805_2012Metric_Pad1.15x1.40mm_HandSolder","~","","","","",""
"","","J1","USB_B_Mini","Connector:USB_B_Mini","Connector_USB:USB_Micro-B_Molex-105017-0001","~","","","","",""
"","","J201","Molex 73251-1150 SMA","Connector:Conn_Coaxial","Connector_Coaxial:SMA_Molex_73251-1153_EdgeMount_Horizontal"," ~","","","","",""
"","","J301","Molex 73251-1150 SMA","Connector:Conn_Coaxial","Connector_Coaxial:SMA_Molex_73251-1153_EdgeMount_Horizontal"," ~","","","","",""
"","","J401","Molex 73251-1150 SMA","Connector:Conn_Coaxial","Connector_Coaxial:SMA_Molex_73251-1153_EdgeMount_Horizontal"," ~","","","","",""
"","","J501","Molex 73251-1150 SMA","Connector:Conn_Coaxial","Connector_Coaxial:SMA_Molex_73251-1153_EdgeMount_Horizontal"," ~","","","","",""
"","","JP202","BB_CLK_JP","Jumper:SolderJumper_2_Bridged","Jumper:SolderJumper-2_P1.3mm_Bridged_Pad1.0x1.5mm","~","","","","",""
"","","JP203","IFCLK_JP","Jumper:SolderJumper_2_Open","Jumper:SolderJumper-2_P1.3mm_Open_Pad1.0x1.5mm","~","","","","",""
"","","JP302","BB_CLK_JP","Jumper:SolderJumper_2_Bridged","Jumper:SolderJumper-2_P1.3mm_Bridged_Pad1.0x1.5mm","~","","","","",""
"","","JP303","IFCLK_JP","Jumper:SolderJumper_2_Open","Jumper:SolderJumper-2_P1.3mm_Open_Pad1.0x1.5mm","~","","","","",""
"","","JP402","BB_CLK_JP","Jumper:SolderJumper_2_Bridged","Jumper:SolderJumper-2_P1.3mm_Bridged_Pad1.0x1.5mm","~","","","","",""
"","","JP403","IFCLK_JP","Jumper:SolderJumper_2_Open","Jumper:SolderJumper-2_P1.3mm_Open_Pad1.0x1.5mm","~","","","","",""
"","","JP502","BB_CLK_JP","Jumper:SolderJumper_2_Bridged","Jumper:SolderJumper-2_P1.3mm_Bridged_Pad1.0x1.5mm","~","","","","",""
"","","JP503","IFCLK_JP","Jumper:SolderJumper_2_Open","Jumper:SolderJumper-2_P1.3mm_Open_Pad1.0x1.5mm","~","","","","",""
"","","L1","10uH","Device:L_Small","Inductor_SMD:L_Taiyo-Yuden_NR-60xx_HandSoldering","~","","","","",""
"","","L2","4.7uH","Device:L_Small","Inductor_SMD:L_0805_2012Metric_Pad1.15x1.40mm_HandSolder","~","","","","",""
"","","L3","4.7uH","Device:L_Small","Inductor_SMD:L_0805_2012Metric_Pad1.15x1.40mm_HandSolder","~","","","","",""
"","","L4","10uH","Device:L_Small","Inductor_SMD:L_Taiyo-Yuden_NR-60xx_HandSoldering","~","","","","",""
"","","L201","150nH","Device:L_Small","Inductor_SMD:L_0603_1608Metric_Pad1.05x0.95mm_HandSolder","~","","","","",""
"","","L202","150nH","Device:L_Small","Inductor_SMD:L_0603_1608Metric_Pad1.05x0.95mm_HandSolder","~","","","","",""
"","","L301","150nH","Device:L_Small","Inductor_SMD:L_0603_1608Metric_Pad1.05x0.95mm_HandSolder","~","","","","",""
"","","L302","150nH","Device:L_Small","Inductor_SMD:L_0603_1608Metric_Pad1.05x0.95mm_HandSolder","~","","","","",""
"","","L401","150nH","Device:L_Small","Inductor_SMD:L_0603_1608Metric_Pad1.05x0.95mm_HandSolder","~","","","","",""
"","","L402","150nH","Device:L_Small","Inductor_SMD:L_0603_1608Metric_Pad1.05x0.95mm_HandSolder","~","","","","",""
"","","L501","150nH","Device:L_Small","Inductor_SMD:L_0603_1608Metric_Pad1.05x0.95mm_HandSolder","~","","","","",""
"","","L502","150nH","Device:L_Small","Inductor_SMD:L_0603_1608Metric_Pad1.05x0.95mm_HandSolder","~","","","","",""
"","","R1","1k","Device:R_Small","Resistor_SMD:R_0603_1608Metric_Pad1.05x0.95mm_HandSolder","~","","","","",""
"","","R2","1k","Device:R_Small","Resistor_SMD:R_0603_1608Metric_Pad1.05x0.95mm_HandSolder","~","","","","",""
"","","R3","25","Device:R_Small","Resistor_SMD:R_0603_1608Metric_Pad1.05x0.95mm_HandSolder","~","","","","",""
"","","R4","25","Device:R_Small","Resistor_SMD:R_0603_1608Metric_Pad1.05x0.95mm_HandSolder","~","","","","",""
"","","R5","0","Device:R_Small","Resistor_SMD:R_0603_1608Metric_Pad1.05x0.95mm_HandSolder","~","","","","",""
"","","R6","20k","Device:R_Small","Resistor_SMD:R_0603_1608Metric_Pad1.05x0.95mm_HandSolder","~","","","","",""
"","","R7","1k","Device:R_Small","Resistor_SMD:R_0603_1608Metric_Pad1.05x0.95mm_HandSolder","~","","","","",""
"","","R8","1k","Device:R_Small","Resistor_SMD:R_0603_1608Metric_Pad1.05x0.95mm_HandSolder","~","","","","",""
"","","R9","2.2k","Device:R_Small","Resistor_SMD:R_0603_1608Metric_Pad1.05x0.95mm_HandSolder","~","","","","",""
"","","R10","2.2k","Device:R_Small","Resistor_SMD:R_0603_1608Metric_Pad1.05x0.95mm_HandSolder","~","","","","",""
"","","R201","25","Device:R_Small","Resistor_SMD:R_0603_1608Metric_Pad1.05x0.95mm_HandSolder","~","","","","",""
"","","R202","0","Device:R_Small","Resistor_SMD:R_0603_1608Metric_Pad1.05x0.95mm_HandSolder","~","","","","",""
"","","R203","0","Device:R_Small","Resistor_SMD:R_0603_1608Metric_Pad1.05x0.95mm_HandSolder","~","","","","",""
"","","R204","0","Device:R_Small","Resistor_SMD:R_0603_1608Metric_Pad1.05x0.95mm_HandSolder","~","","","","",""
"","","R205","25","Device:R_Small","Resistor_SMD:R_0603_1608Metric_Pad1.05x0.95mm_HandSolder","~","","","","",""
"","","R206","25","Device:R_Small","Resistor_SMD:R_0603_1608Metric_Pad1.05x0.95mm_HandSolder","~","","","","",""
"","","R207","0","Device:R_Small","Resistor_SMD:R_0603_1608Metric_Pad1.05x0.95mm_HandSolder","~","","","","",""
"","","R208","0","Device:R_Small","Resistor_SMD:R_0603_1608Metric_Pad1.05x0.95mm_HandSolder","~","","","","",""
"","","R209","50","Device:R_Small","Resistor_SMD:R_0603_1608Metric_Pad1.05x0.95mm_HandSolder","~","","","","",""
"","","R210","0","Device:R_Small","Resistor_SMD:R_0603_1608Metric_Pad1.05x0.95mm_HandSolder","~","","","","",""
"","","R211","0","Device:R_Small","Resistor_SMD:R_0603_1608Metric_Pad1.05x0.95mm_HandSolder","~","","","","",""
"","","R212","0","Device:R_Small","Resistor_SMD:R_0603_1608Metric_Pad1.05x0.95mm_HandSolder","~","","","","",""
"","","R213","0","Device:R_Small","Resistor_SMD:R_0603_1608Metric_Pad1.05x0.95mm_HandSolder","~","","","","",""
"","","R214","0","Device:R_Small","Resistor_SMD:R_0603_1608Metric_Pad1.05x0.95mm_HandSolder","~","","","","",""
"","","R215","0","Device:R_Small","Resistor_SMD:R_0603_1608Metric_Pad1.05x0.95mm_HandSolder","~","","","","",""
"","","R216","0","Device:R_Small","Resistor_SMD:R_0603_1608Metric_Pad1.05x0.95mm_HandSolder","~","","","","",""
"","","R217","50","Device:R_Small","Resistor_SMD:R_0603_1608Metric_Pad1.05x0.95mm_HandSolder","~","","","","",""
"","","R218","0","Device:R_Small","Resistor_SMD:R_0603_1608Metric_Pad1.05x0.95mm_HandSolder","~","","","","",""
"","","R219","0","Device:R_Small","Resistor_SMD:R_0603_1608Metric_Pad1.05x0.95mm_HandSolder","~","","","","",""
"","","R220","0","Device:R_Small","Resistor_SMD:R_0603_1608Metric_Pad1.05x0.95mm_HandSolder","~","","","","",""
"","","R221","0","Device:R_Small","Resistor_SMD:R_0603_1608Metric_Pad1.05x0.95mm_HandSolder","~","","","","",""
"","","R222","0","Device:R_Small","Resistor_SMD:R_0603_1608Metric_Pad1.05x0.95mm_HandSolder","~","","","","",""
"","","R223","0","Device:R_Small","Resistor_SMD:R_0603_1608Metric_Pad1.05x0.95mm_HandSolder","~","","","","",""
"","","R224","0","Device:R_Small","Resistor_SMD:R_0603_1608Metric_Pad1.05x0.95mm_HandSolder","~","","","","",""
"","","R225","0","Device:R_Small","Resistor_SMD:R_0603_1608Metric_Pad1.05x0.95mm_HandSolder","~","","","","",""
"","","R226","0","Device:R_Small","Resistor_SMD:R_0603_1608Metric_Pad1.05x0.95mm_HandSolder","~","","","","",""
"","","R227","0","Device:R_Small","Resistor_SMD:R_0603_1608Metric_Pad1.05x0.95mm_HandSolder","~","","","","",""
"","","R228","0","Device:R_Small","Resistor_SMD:R_0603_1608Metric_Pad1.05x0.95mm_HandSolder","~","","","","",""
"","","R229","0","Device:R_Small","Resistor_SMD:R_0603_1608Metric_Pad1.05x0.95mm_HandSolder","~","","","","",""
"","","R230","0","Device:R_Small","Resistor_SMD:R_0603_1608Metric_Pad1.05x0.95mm_HandSolder","~","","","","",""
"","","R231","0","Device:R_Small","Resistor_SMD:R_0603_1608Metric_Pad1.05x0.95mm_HandSolder","~","","","","",""
"","","R232","0","Device:R_Small","Resistor_SMD:R_0603_1608Metric_Pad1.05x0.95mm_HandSolder","~","","","","",""
"","","R233","0","Device:R_Small","Resistor_SMD:R_0603_1608Metric_Pad1.05x0.95mm_HandSolder","~","","","","",""
"","","R234","499R","Device:R_Small","Resistor_SMD:R_0603_1608Metric_Pad1.05x0.95mm_HandSolder","~","","","","",""
"","","R235","360R","Device:R_Small","Resistor_SMD:R_0603_1608Metric_Pad1.05x0.95mm_HandSolder","~","","","","",""
"","","R236","0R","Device:R_Small","Resistor_SMD:R_0603_1608Metric_Pad1.05x0.95mm_HandSolder","~","","","","",""
"","","R237","20k","Device:R_Small","Resistor_SMD:R_0603_1608Metric_Pad1.05x0.95mm_HandSolder","~","","","","",""
"","","R238","0R","Device:R_Small","Resistor_SMD:R_0603_1608Metric_Pad1.05x0.95mm_HandSolder","~","","","","",""
"","","R239","40.2k","Device:R_Small","Resistor_SMD:R_0603_1608Metric_Pad1.05x0.95mm_HandSolder","~","","","","",""
"","","R240","10k","Device:R_Small","Resistor_SMD:R_0603_1608Metric_Pad1.05x0.95mm_HandSolder","~","","","","",""
"","","R241","0R","Device:R_Small","Resistor_SMD:R_0603_1608Metric_Pad1.05x0.95mm_HandSolder","~","","","","",""
"","","R242","20k","Device:R_Small","Resistor_SMD:R_0603_1608Metric_Pad1.05x0.95mm_HandSolder","~","","","","",""
"","","R243","0R","Device:R_Small","Resistor_SMD:R_0603_1608Metric_Pad1.05x0.95mm_HandSolder","~","","","","",""
"","","R244","40.2k","Device:R_Small","Resistor_SMD:R_0603_1608Metric_Pad1.05x0.95mm_HandSolder","~","","","","",""
"","","R245","10k","Device:R_Small","Resistor_SMD:R_0603_1608Metric_Pad1.05x0.95mm_HandSolder","~","","","","",""
"","","R246","0R","Device:R_Small","Resistor_SMD:R_0603_1608Metric_Pad1.05x0.95mm_HandSolder","~","","","","",""
"","","R301","25","Device:R_Small","Resistor_SMD:R_0603_1608Metric_Pad1.05x0.95mm_HandSolder","~","","","","",""
"","","R302","0","Device:R_Small","Resistor_SMD:R_0603_1608Metric_Pad1.05x0.95mm_HandSolder","~","","","","",""
"","","R303","0","Device:R_Small","Resistor_SMD:R_0603_1608Metric_Pad1.05x0.95mm_HandSolder","~","","","","",""
"","","R304","0","Device:R_Small","Resistor_SMD:R_0603_1608Metric_Pad1.05x0.95mm_HandSolder","~","","","","",""
"","","R305","25","Device:R_Small","Resistor_SMD:R_0603_1608Metric_Pad1.05x0.95mm_HandSolder","~","","","","",""
"","","R306","25","Device:R_Small","Resistor_SMD:R_0603_1608Metric_Pad1.05x0.95mm_HandSolder","~","","","","",""
"","","R307","0","Device:R_Small","Resistor_SMD:R_0603_1608Metric_Pad1.05x0.95mm_HandSolder","~","","","","",""
"","","R308","0","Device:R_Small","Resistor_SMD:R_0603_1608Metric_Pad1.05x0.95mm_HandSolder","~","","","","",""
"","","R309","50","Device:R_Small","Resistor_SMD:R_0603_1608Metric_Pad1.05x0.95mm_HandSolder","~","","","","",""
"","","R310","0","Device:R_Small","Resistor_SMD:R_0603_1608Metric_Pad1.05x0.95mm_HandSolder","~","","","","",""
"","","R311","0","Device:R_Small","Resistor_SMD:R_0603_1608Metric_Pad1.05x0.95mm_HandSolder","~","","","","",""
"","","R312","0","Device:R_Small","Resistor_SMD:R_0603_1608Metric_Pad1.05x0.95mm_HandSolder","~","","","","",""
"","","R313","0","Device:R_Small","Resistor_SMD:R_0603_1608Metric_Pad1.05x0.95mm_HandSolder","~","","","","",""
"","","R314","0","Device:R_Small","Resistor_SMD:R_0603_1608Metric_Pad1.05x0.95mm_HandSolder","~","","","","",""
"","","R315","0","Device:R_Small","Resistor_SMD:R_0603_1608Metric_Pad1.05x0.95mm_HandSolder","~","","","","",""
"","","R316","0","Device:R_Small","Resistor_SMD:R_0603_1608Metric_Pad1.05x0.95mm_HandSolder","~","","","","",""
"","","R317","50","Device:R_Small","Resistor_SMD:R_0603_1608Metric_Pad1.05x0.95mm_HandSolder","~","","","","",""
"","","R318","0","Device:R_Small","Resistor_SMD:R_0603_1608Metric_Pad1.05x0.95mm_HandSolder","~","","","","",""
"","","R319","0","Device:R_Small","Resistor_SMD:R_0603_1608Metric_Pad1.05x0.95mm_HandSolder","~","","","","",""
"","","R320","0","Device:R_Small","Resistor_SMD:R_0603_1608Metric_Pad1.05x0.95mm_HandSolder","~","","","","",""
"","","R321","0","Device:R_Small","Resistor_SMD:R_0603_1608Metric_Pad1.05x0.95mm_HandSolder","~","","","","",""
"","","R322","0","Device:R_Small","Resistor_SMD:R_0603_1608Metric_Pad1.05x0.95mm_HandSolder","~","","","","",""
"","","R323","0","Device:R_Small","Resistor_SMD:R_0603_1608Metric_Pad1.05x0.95mm_HandSolder","~","","","","",""
"","","R324","0","Device:R_Small","Resistor_SMD:R_0603_1608Metric_Pad1.05x0.95mm_HandSolder","~","","","","",""
"","","R325","0","Device:R_Small","Resistor_SMD:R_0603_1608Metric_Pad1.05x0.95mm_HandSolder","~","","","","",""
"","","R326","0","Device:R_Small","Resistor_SMD:R_0603_1608Metric_Pad1.05x0.95mm_HandSolder","~","","","","",""
"","","R327","0","Device:R_Small","Resistor_SMD:R_0603_1608Metric_Pad1.05x0.95mm_HandSolder","~","","","","",""
"","","R328","0","Device:R_Small","Resistor_SMD:R_0603_1608Metric_Pad1.05x0.95mm_HandSolder","~","","","","",""
"","","R329","0","Device:R_Small","Resistor_SMD:R_0603_1608Metric_Pad1.05x0.95mm_HandSolder","~","","","","",""
"","","R330","0","Device:R_Small","Resistor_SMD:R_0603_1608Metric_Pad1.05x0.95mm_HandSolder","~","","","","",""
"","","R331","0","Device:R_Small","Resistor_SMD:R_0603_1608Metric_Pad1.05x0.95mm_HandSolder","~","","","","",""
"","","R332","0","Device:R_Small","Resistor_SMD:R_0603_1608Metric_Pad1.05x0.95mm_HandSolder","~","","","","",""
"","","R333","0","Device:R_Small","Resistor_SMD:R_0603_1608Metric_Pad1.05x0.95mm_HandSolder","~","","","","",""
"","","R334","499R","Device:R_Small","Resistor_SMD:R_0603_1608Metric_Pad1.05x0.95mm_HandSolder","~","","","","",""
"","","R335","360R","Device:R_Small","Resistor_SMD:R_0603_1608Metric_Pad1.05x0.95mm_HandSolder","~","","","","",""
"","","R336","0R","Device:R_Small","Resistor_SMD:R_0603_1608Metric_Pad1.05x0.95mm_HandSolder","~","","","","",""
"","","R337","20k","Device:R_Small","Resistor_SMD:R_0603_1608Metric_Pad1.05x0.95mm_HandSolder","~","","","","",""
"","","R338","0R","Device:R_Small","Resistor_SMD:R_0603_1608Metric_Pad1.05x0.95mm_HandSolder","~","","","","",""
"","","R339","40.2k","Device:R_Small","Resistor_SMD:R_0603_1608Metric_Pad1.05x0.95mm_HandSolder","~","","","","",""
"","","R340","10k","Device:R_Small","Resistor_SMD:R_0603_1608Metric_Pad1.05x0.95mm_HandSolder","~","","","","",""
"","","R341","0R","Device:R_Small","Resistor_SMD:R_0603_1608Metric_Pad1.05x0.95mm_HandSolder","~","","","","",""
"","","R342","20k","Device:R_Small","Resistor_SMD:R_0603_1608Metric_Pad1.05x0.95mm_HandSolder","~","","","","",""
"","","R343","0R","Device:R_Small","Resistor_SMD:R_0603_1608Metric_Pad1.05x0.95mm_HandSolder","~","","","","",""
"","","R344","40.2k","Device:R_Small","Resistor_SMD:R_0603_1608Metric_Pad1.05x0.95mm_HandSolder","~","","","","",""
"","","R345","10k","Device:R_Small","Resistor_SMD:R_0603_1608Metric_Pad1.05x0.95mm_HandSolder","~","","","","",""
"","","R346","0R","Device:R_Small","Resistor_SMD:R_0603_1608Metric_Pad1.05x0.95mm_HandSolder","~","","","","",""
"","","R401","25","Device:R_Small","Resistor_SMD:R_0603_1608Metric_Pad1.05x0.95mm_HandSolder","~","","","","",""
"","","R402","0","Device:R_Small","Resistor_SMD:R_0603_1608Metric_Pad1.05x0.95mm_HandSolder","~","","","","",""
"","","R403","0","Device:R_Small","Resistor_SMD:R_0603_1608Metric_Pad1.05x0.95mm_HandSolder","~","","","","",""
"","","R404","0","Device:R_Small","Resistor_SMD:R_0603_1608Metric_Pad1.05x0.95mm_HandSolder","~","","","","",""
"","","R405","25","Device:R_Small","Resistor_SMD:R_0603_1608Metric_Pad1.05x0.95mm_HandSolder","~","","","","",""
"","","R406","25","Device:R_Small","Resistor_SMD:R_0603_1608Metric_Pad1.05x0.95mm_HandSolder","~","","","","",""
"","","R407","0","Device:R_Small","Resistor_SMD:R_0603_1608Metric_Pad1.05x0.95mm_HandSolder","~","","","","",""
"","","R408","0","Device:R_Small","Resistor_SMD:R_0603_1608Metric_Pad1.05x0.95mm_HandSolder","~","","","","",""
"","","R409","50","Device:R_Small","Resistor_SMD:R_0603_1608Metric_Pad1.05x0.95mm_HandSolder","~","","","","",""
"","","R410","0","Device:R_Small","Resistor_SMD:R_0603_1608Metric_Pad1.05x0.95mm_HandSolder","~","","","","",""
"","","R411","0","Device:R_Small","Resistor_SMD:R_0603_1608Metric_Pad1.05x0.95mm_HandSolder","~","","","","",""
"","","R412","0","Device:R_Small","Resistor_SMD:R_0603_1608Metric_Pad1.05x0.95mm_HandSolder","~","","","","",""
"","","R413","0","Device:R_Small","Resistor_SMD:R_0603_1608Metric_Pad1.05x0.95mm_HandSolder","~","","","","",""
"","","R414","0","Device:R_Small","Resistor_SMD:R_0603_1608Metric_Pad1.05x0.95mm_HandSolder","~","","","","",""
"","","R415","0","Device:R_Small","Resistor_SMD:R_0603_1608Metric_Pad1.05x0.95mm_HandSolder","~","","","","",""
"","","R416","0","Device:R_Small","Resistor_SMD:R_0603_1608Metric_Pad1.05x0.95mm_HandSolder","~","","","","",""
"","","R417","50","Device:R_Small","Resistor_SMD:R_0603_1608Metric_Pad1.05x0.95mm_HandSolder","~","","","","",""
"","","R418","0","Device:R_Small","Resistor_SMD:R_0603_1608Metric_Pad1.05x0.95mm_HandSolder","~","","","","",""
"","","R419","0","Device:R_Small","Resistor_SMD:R_0603_1608Metric_Pad1.05x0.95mm_HandSolder","~","","","","",""
"","","R420","0","Device:R_Small","Resistor_SMD:R_0603_1608Metric_Pad1.05x0.95mm_HandSolder","~","","","","",""
"","","R421","0","Device:R_Small","Resistor_SMD:R_0603_1608Metric_Pad1.05x0.95mm_HandSolder","~","","","","",""
"","","R422","0","Device:R_Small","Resistor_SMD:R_0603_1608Metric_Pad1.05x0.95mm_HandSolder","~","","","","",""
"","","R423","0","Device:R_Small","Resistor_SMD:R_0603_1608Metric_Pad1.05x0.95mm_HandSolder","~","","","","",""
"","","R424","0","Device:R_Small","Resistor_SMD:R_0603_1608Metric_Pad1.05x0.95mm_HandSolder","~","","","","",""
"","","R425","0","Device:R_Small","Resistor_SMD:R_0603_1608Metric_Pad1.05x0.95mm_HandSolder","~","","","","",""
"","","R426","0","Device:R_Small","Resistor_SMD:R_0603_1608Metric_Pad1.05x0.95mm_HandSolder","~","","","","",""
"","","R427","0","Device:R_Small","Resistor_SMD:R_0603_1608Metric_Pad1.05x0.95mm_HandSolder","~","","","","",""
"","","R428","0","Device:R_Small","Resistor_SMD:R_0603_1608Metric_Pad1.05x0.95mm_HandSolder","~","","","","",""
"","","R429","0","Device:R_Small","Resistor_SMD:R_0603_1608Metric_Pad1.05x0.95mm_HandSolder","~","","","","",""
"","","R430","0","Device:R_Small","Resistor_SMD:R_0603_1608Metric_Pad1.05x0.95mm_HandSolder","~","","","","",""
"","","R431","0","Device:R_Small","Resistor_SMD:R_0603_1608Metric_Pad1.05x0.95mm_HandSolder","~","","","","",""
"","","R432","0","Device:R_Small","Resistor_SMD:R_0603_1608Metric_Pad1.05x0.95mm_HandSolder","~","","","","",""
"","","R433","0","Device:R_Small","Resistor_SMD:R_0603_1608Metric_Pad1.05x0.95mm_HandSolder","~","","","","",""
"","","R434","499R","Device:R_Small","Resistor_SMD:R_0603_1608Metric_Pad1.05x0.95mm_HandSolder","~","","","","",""
"","","R435","360R","Device:R_Small","Resistor_SMD:R_0603_1608Metric_Pad1.05x0.95mm_HandSolder","~","","","","",""
"","","R436","0R","Device:R_Small","Resistor_SMD:R_0603_1608Metric_Pad1.05x0.95mm_HandSolder","~","","","","",""
"","","R437","20k","Device:R_Small","Resistor_SMD:R_0603_1608Metric_Pad1.05x0.95mm_HandSolder","~","","","","",""
"","","R438","0R","Device:R_Small","Resistor_SMD:R_0603_1608Metric_Pad1.05x0.95mm_HandSolder","~","","","","",""
"","","R439","40.2k","Device:R_Small","Resistor_SMD:R_0603_1608Metric_Pad1.05x0.95mm_HandSolder","~","","","","",""
"","","R440","10k","Device:R_Small","Resistor_SMD:R_0603_1608Metric_Pad1.05x0.95mm_HandSolder","~","","","","",""
"","","R441","0R","Device:R_Small","Resistor_SMD:R_0603_1608Metric_Pad1.05x0.95mm_HandSolder","~","","","","",""
"","","R442","20k","Device:R_Small","Resistor_SMD:R_0603_1608Metric_Pad1.05x0.95mm_HandSolder","~","","","","",""
"","","R443","0R","Device:R_Small","Resistor_SMD:R_0603_1608Metric_Pad1.05x0.95mm_HandSolder","~","","","","",""
"","","R444","40.2k","Device:R_Small","Resistor_SMD:R_0603_1608Metric_Pad1.05x0.95mm_HandSolder","~","","","","",""
"","","R445","10k","Device:R_Small","Resistor_SMD:R_0603_1608Metric_Pad1.05x0.95mm_HandSolder","~","","","","",""
"","","R446","0R","Device:R_Small","Resistor_SMD:R_0603_1608Metric_Pad1.05x0.95mm_HandSolder","~","","","","",""
"","","R501","25","Device:R_Small","Resistor_SMD:R_0603_1608Metric_Pad1.05x0.95mm_HandSolder","~","","","","",""
"","","R502","0","Device:R_Small","Resistor_SMD:R_0603_1608Metric_Pad1.05x0.95mm_HandSolder","~","","","","",""
"","","R503","0","Device:R_Small","Resistor_SMD:R_0603_1608Metric_Pad1.05x0.95mm_HandSolder","~","","","","",""
"","","R504","0","Device:R_Small","Resistor_SMD:R_0603_1608Metric_Pad1.05x0.95mm_HandSolder","~","","","","",""
"","","R505","25","Device:R_Small","Resistor_SMD:R_0603_1608Metric_Pad1.05x0.95mm_HandSolder","~","","","","",""
"","","R506","25","Device:R_Small","Resistor_SMD:R_0603_1608Metric_Pad1.05x0.95mm_HandSolder","~","","","","",""
"","","R507","0","Device:R_Small","Resistor_SMD:R_0603_1608Metric_Pad1.05x0.95mm_HandSolder","~","","","","",""
"","","R508","0","Device:R_Small","Resistor_SMD:R_0603_1608Metric_Pad1.05x0.95mm_HandSolder","~","","","","",""
"","","R509","50","Device:R_Small","Resistor_SMD:R_0603_1608Metric_Pad1.05x0.95mm_HandSolder","~","","","","",""
"","","R510","0","Device:R_Small","Resistor_SMD:R_0603_1608Metric_Pad1.05x0.95mm_HandSolder","~","","","","",""
"","","R511","0","Device:R_Small","Resistor_SMD:R_0603_1608Metric_Pad1.05x0.95mm_HandSolder","~","","","","",""
"","","R512","0","Device:R_Small","Resistor_SMD:R_0603_1608Metric_Pad1.05x0.95mm_HandSolder","~","","","","",""
"","","R513","0","Device:R_Small","Resistor_SMD:R_0603_1608Metric_Pad1.05x0.95mm_HandSolder","~","","","","",""
"","","R514","0","Device:R_Small","Resistor_SMD:R_0603_1608Metric_Pad1.05x0.95mm_HandSolder","~","","","","",""
"","","R515","0","Device:R_Small","Resistor_SMD:R_0603_1608Metric_Pad1.05x0.95mm_HandSolder","~","","","","",""
"","","R516","0","Device:R_Small","Resistor_SMD:R_0603_1608Metric_Pad1.05x0.95mm_HandSolder","~","","","","",""
"","","R517","50","Device:R_Small","Resistor_SMD:R_0603_1608Metric_Pad1.05x0.95mm_HandSolder","~","","","","",""
"","","R518","0","Device:R_Small","Resistor_SMD:R_0603_1608Metric_Pad1.05x0.95mm_HandSolder","~","","","","",""
"","","R519","0","Device:R_Small","Resistor_SMD:R_0603_1608Metric_Pad1.05x0.95mm_HandSolder","~","","","","",""
"","","R520","0","Device:R_Small","Resistor_SMD:R_0603_1608Metric_Pad1.05x0.95mm_HandSolder","~","","","","",""
"","","R521","0","Device:R_Small","Resistor_SMD:R_0603_1608Metric_Pad1.05x0.95mm_HandSolder","~","","","","",""
"","","R522","0","Device:R_Small","Resistor_SMD:R_0603_1608Metric_Pad1.05x0.95mm_HandSolder","~","","","","",""
"","","R523","0","Device:R_Small","Resistor_SMD:R_0603_1608Metric_Pad1.05x0.95mm_HandSolder","~","","","","",""
"","","R524","0","Device:R_Small","Resistor_SMD:R_0603_1608Metric_Pad1.05x0.95mm_HandSolder","~","","","","",""
"","","R525","0","Device:R_Small","Resistor_SMD:R_0603_1608Metric_Pad1.05x0.95mm_HandSolder","~","","","","",""
"","","R526","0","Device:R_Small","Resistor_SMD:R_0603_1608Metric_Pad1.05x0.95mm_HandSolder","~","","","","",""
"","","R527","0","Device:R_Small","Resistor_SMD:R_0603_1608Metric_Pad1.05x0.95mm_HandSolder","~","","","","",""
"","","R528","0","Device:R_Small","Resistor_SMD:R_0603_1608Metric_Pad1.05x0.95mm_HandSolder","~","","","","",""
"","","R529","0","Device:R_Small","Resistor_SMD:R_0603_1608Metric_Pad1.05x0.95mm_HandSolder","~","","","","",""
"","","R530","0","Device:R_Small","Resistor_SMD:R_0603_1608Metric_Pad1.05x0.95mm_HandSolder","~","","","","",""
"","","R531","0","Device:R_Small","Resistor_SMD:R_0603_1608Metric_Pad1.05x0.95mm_HandSolder","~","","","","",""
"","","R532","0","Device:R_Small","Resistor_SMD:R_0603_1608Metric_Pad1.05x0.95mm_HandSolder","~","","","","",""
"","","R533","0","Device:R_Small","Resistor_SMD:R_0603_1608Metric_Pad1.05x0.95mm_HandSolder","~","","","","",""
"","","R534","499R","Device:R_Small","Resistor_SMD:R_0603_1608Metric_Pad1.05x0.95mm_HandSolder","~","","","","",""
"","","R535","360R","Device:R_Small","Resistor_SMD:R_0603_1608Metric_Pad1.05x0.95mm_HandSolder","~","","","","",""
"","","R536","0R","Device:R_Small","Resistor_SMD:R_0603_1608Metric_Pad1.05x0.95mm_HandSolder","~","","","","",""
"","","R537","20k","Device:R_Small","Resistor_SMD:R_0603_1608Metric_Pad1.05x0.95mm_HandSolder","~","","","","",""
"","","R538","0R","Device:R_Small","Resistor_SMD:R_0603_1608Metric_Pad1.05x0.95mm_HandSolder","~","","","","",""
"","","R539","40.2k","Device:R_Small","Resistor_SMD:R_0603_1608Metric_Pad1.05x0.95mm_HandSolder","~","","","","",""
"","","R540","10k","Device:R_Small","Resistor_SMD:R_0603_1608Metric_Pad1.05x0.95mm_HandSolder","~","","","","",""
"","","R541","0R","Device:R_Small","Resistor_SMD:R_0603_1608Metric_Pad1.05x0.95mm_HandSolder","~","","","","",""
"","","R542","20k","Device:R_Small","Resistor_SMD:R_0603_1608Metric_Pad1.05x0.95mm_HandSolder","~","","","","",""
"","","R543","0R","Device:R_Small","Resistor_SMD:R_0603_1608Metric_Pad1.05x0.95mm_HandSolder","~","","","","",""
"","","R544","40.2k","Device:R_Small","Resistor_SMD:R_0603_1608Metric_Pad1.05x0.95mm_HandSolder","~","","","","",""
"","","R545","10k","Device:R_Small","Resistor_SMD:R_0603_1608Metric_Pad1.05x0.95mm_HandSolder","~","","","","",""
"","","R546","0R","Device:R_Small","Resistor_SMD:R_0603_1608Metric_Pad1.05x0.95mm_HandSolder","~","","","","",""
"","","SW1","SW_Push","Switch:SW_Push","Button_Switch_THT:SW_PUSH_6mm_H5mm","","","","","",""
"","","U1","AMS1117-3.3","Regulator_Linear:AMS1117-3.3","Package_TO_SOT_SMD:SOT-223","http://www.advanced-monolithic.com/pdf/ds1117.pdf","","","","",""
"","","U2","NB3L553","NB3L553:NB3L553","Package_SO:SOIC-8_3.9x4.9mm_P1.27mm","http://www.farnell.com/datasheets/2354008.pdf","","","","",""
"","","U3","CY7C68013A-56PVX","MCU_Cypress:CY7C68013A-56PVX","Package_SO:SSOP-56_7.5x18.5mm_P0.635mm","http://www.cypress.com/file/138911/download","","","","",""
"","","U4","USBLC6-2SC6","Power_Protection:USBLC6-2SC6","Package_TO_SOT_SMD:SOT-23-6","http://www2.st.com/resource/en/datasheet/CD00050750.pdf","","","","",""
"","","U5","24LC128","Memory_EEPROM:24LC128","Package_SO:SOIC-8_3.9x4.9mm_P1.27mm","http://ww1.microchip.com/downloads/en/DeviceDoc/21191s.pdf","","","","",""
"","","U6","MCP1825S","Regulator_Linear:MCP1825S","Package_TO_SOT_SMD:SOT-223-3_TabPin2","http://ww1.microchip.com/downloads/en/devicedoc/22056b.pdf","","","","",""
"","","U201","BGA2803","RF_Amplifier:BGA2818","Package_TO_SOT_SMD:SOT-363_SC-70-6","https://www.nxp.com/docs/en/data-sheet/BGA2818.pdf","","","","",""
"","","U202","MSi001-Q40","SDR_board-rescue:MSi001-Q40-MSi001","Package_DFN_QFN:Texas_S-PVQFN-N40_EP4.15x4.15mm_ThermalVias","","","","","",""
"","","U203","MAX19777AZA+","MAX19777:MAX19777AZA+","footprints:BGA8N35P2X4_85X143X37N","Unavailable","None","IC ADC 12BIT 3MSPS 8WLP","WLP-8 Maxim","Maxim Integrated","MAX19777AZA+"
"","","U204","ADS7883","ADS7883:ADS7883","Package_TO_SOT_SMD:SOT-23-6_Handsoldering","https://www.ti.com/lit/ds/symlink/ads7883.pdf","","","","",""
"","","U205","LMV712-N","opamps:LMV712-N","Package_SO:MSOP-10_3x3mm_P0.5mm","https://www.ti.com/lit/ds/symlink/lmv712-n.pdf","","","","",""
"","","U206","MAX19777AZA+","MAX19777:MAX19777AZA+","footprints:BGA8N35P2X4_85X143X37N","Unavailable","None","IC ADC 12BIT 3MSPS 8WLP","WLP-8 Maxim","Maxim Integrated","MAX19777AZA+"
"","","U207","ADS7883","ADS7883:ADS7883","Package_TO_SOT_SMD:SOT-23-6_Handsoldering","https://www.ti.com/lit/ds/symlink/ads7883.pdf","","","","",""
"","","U301","BGA2803","RF_Amplifier:BGA2818","Package_TO_SOT_SMD:SOT-363_SC-70-6","https://www.nxp.com/docs/en/data-sheet/BGA2818.pdf","","","","",""
"","","U302","MSi001-Q40","SDR_board-rescue:MSi001-Q40-MSi001","Package_DFN_QFN:Texas_S-PVQFN-N40_EP4.15x4.15mm_ThermalVias","","","","","",""
"","","U303","MAX19777AZA+","MAX19777:MAX19777AZA+","footprints:BGA8N35P2X4_85X143X37N","Unavailable","None","IC ADC 12BIT 3MSPS 8WLP","WLP-8 Maxim","Maxim Integrated","MAX19777AZA+"
"","","U304","ADS7883","ADS7883:ADS7883","Package_TO_SOT_SMD:SOT-23-6_Handsoldering","https://www.ti.com/lit/ds/symlink/ads7883.pdf","","","","",""
"","","U305","LMV712-N","opamps:LMV712-N","Package_SO:MSOP-10_3x3mm_P0.5mm","https://www.ti.com/lit/ds/symlink/lmv712-n.pdf","","","","",""
"","","U306","MAX19777AZA+","MAX19777:MAX19777AZA+","footprints:BGA8N35P2X4_85X143X37N","Unavailable","None","IC ADC 12BIT 3MSPS 8WLP","WLP-8 Maxim","Maxim Integrated","MAX19777AZA+"
"","","U307","ADS7883","ADS7883:ADS7883","Package_TO_SOT_SMD:SOT-23-6_Handsoldering","https://www.ti.com/lit/ds/symlink/ads7883.pdf","","","","",""
"","","U401","BGA2803","RF_Amplifier:BGA2818","Package_TO_SOT_SMD:SOT-363_SC-70-6","https://www.nxp.com/docs/en/data-sheet/BGA2818.pdf","","","","",""
"","","U402","MSi001-Q40","SDR_board-rescue:MSi001-Q40-MSi001","Package_DFN_QFN:Texas_S-PVQFN-N40_EP4.15x4.15mm_ThermalVias","","","","","",""
"","","U403","MAX19777AZA+","MAX19777:MAX19777AZA+","footprints:BGA8N35P2X4_85X143X37N","Unavailable","None","IC ADC 12BIT 3MSPS 8WLP","WLP-8 Maxim","Maxim Integrated","MAX19777AZA+"
"","","U404","ADS7883","ADS7883:ADS7883","Package_TO_SOT_SMD:SOT-23-6_Handsoldering","https://www.ti.com/lit/ds/symlink/ads7883.pdf","","","","",""
"","","U405","LMV712-N","opamps:LMV712-N","Package_SO:MSOP-10_3x3mm_P0.5mm","https://www.ti.com/lit/ds/symlink/lmv712-n.pdf","","","","",""
"","","U406","MAX19777AZA+","MAX19777:MAX19777AZA+","footprints:BGA8N35P2X4_85X143X37N","Unavailable","None","IC ADC 12BIT 3MSPS 8WLP","WLP-8 Maxim","Maxim Integrated","MAX19777AZA+"
"","","U407","ADS7883","ADS7883:ADS7883","Package_TO_SOT_SMD:SOT-23-6_Handsoldering","https://www.ti.com/lit/ds/symlink/ads7883.pdf","","","","",""
"","","U501","BGA2803","RF_Amplifier:BGA2818","Package_TO_SOT_SMD:SOT-363_SC-70-6","https://www.nxp.com/docs/en/data-sheet/BGA2818.pdf","","","","",""
"","","U502","MSi001-Q40","SDR_board-rescue:MSi001-Q40-MSi001","Package_DFN_QFN:Texas_S-PVQFN-N40_EP4.15x4.15mm_ThermalVias","","","","","",""
"","","U503","MAX19777AZA+","MAX19777:MAX19777AZA+","footprints:BGA8N35P2X4_85X143X37N","Unavailable","None","IC ADC 12BIT 3MSPS 8WLP","WLP-8 Maxim","Maxim Integrated","MAX19777AZA+"
"","","U504","ADS7883","ADS7883:ADS7883","Package_TO_SOT_SMD:SOT-23-6_Handsoldering","https://www.ti.com/lit/ds/symlink/ads7883.pdf","","","","",""
"","","U505","LMV712-N","opamps:LMV712-N","Package_SO:MSOP-10_3x3mm_P0.5mm","https://www.ti.com/lit/ds/symlink/lmv712-n.pdf","","","","",""
"","","U506","MAX19777AZA+","MAX19777:MAX19777AZA+","footprints:BGA8N35P2X4_85X143X37N","Unavailable","None","IC ADC 12BIT 3MSPS 8WLP","WLP-8 Maxim","Maxim Integrated","MAX19777AZA+"
"","","U507","ADS7883","ADS7883:ADS7883","Package_TO_SOT_SMD:SOT-23-6_Handsoldering","https://www.ti.com/lit/ds/symlink/ads7883.pdf","","","","",""
"","","X1","XO32","Oscillator:XO32","Oscillator:Oscillator_SMD_EuroQuartz_XO32-4Pin_3.2x2.5mm","http://cdn-reichelt.de/documents/datenblatt/B400/XO32.pdf","","","","",""
"","","Y1","24 MHz","Device:Crystal","Crystal:Crystal_SMD_HC49-SD","~","","","","",""



"Collated Components:"

"Item","Qty","Reference(s)","Value","LibPart","Footprint","Datasheet","Field4","Field5","Field6","Field7","Field8"
"1","7","C1, C2, C21, C226, C326, C426, C526","1uF","Device:C_Small","Capacitor_SMD:C_0603_1608Metric_Pad1.05x0.95mm_HandSolder","~","","","","",""
"2","34","C3, C8, C10, C14, C18, C20, C201, C202, C218, C225, C239, C244, C248, C301, C302, C318, C325, C339, C344, C348, C401, C402, C418, C425, C439, C444, C448, C501, C502, C518, C525, C539, C544, C548","0.1uF","Device:C_Small","Capacitor_SMD:C_0603_1608Metric_Pad1.05x0.95mm_HandSolder","~","","","","",""
"3","6","C4, C5, C246, C346, C446, C546","4.7uF","Device:CP_Small","Capacitor_SMD:C_1206_3216Metric_Pad1.42x1.75mm_HandSolder","~","","","","",""
"4","23","C6, C9, C16, C224, C227, C230, C231, C234, C324, C327, C330, C331, C334, C424, C427, C430, C431, C434, C524, C527, C530, C531, C534","1nF","Device:C_Small","Capacitor_SMD:C_0603_1608Metric_Pad1.05x0.95mm_HandSolder","~","","","","",""
"5","33","C7, C11, C12, C13, C19, C210, C212, C238, C240, C243, C245, C247, C310, C312, C338, C340, C343, C345, C347, C410, C412, C438, C440, C443, C445, C447, C510, C512, C538, C540, C543, C545, C547","10nF","Device:C_Small","Capacitor_SMD:C_0603_1608Metric_Pad1.05x0.95mm_HandSolder","~","","","","",""
"6","2","C15, C17","10pF","Device:C_Small","Capacitor_SMD:C_0603_1608Metric_Pad1.05x0.95mm_HandSolder","~","","","","",""
"7","72","C203, C204, C205, C206, C207, C208, C209, C211, C213, C214, C216, C217, C228, C229, C241, C242, C249, C250, C303, C304, C305, C306, C307, C308, C309, C311, C313, C314, C316, C317, C328, C329, C341, C342, C349, C350, C403, C404, C405, C406, C407, C408, C409, C411, C413, C414, C416, C417, C428, C429, C441, C442, C449, C450, C503, C504, C505, C506, C507, C508, C509, C511, C513, C514, C516, C517, C528, C529, C541, C542, C549, C550","100pF","Device:C_Small","Capacitor_SMD:C_0603_1608Metric_Pad1.05x0.95mm_HandSolder","~","","","","",""
"8","32","C215, C219, C220, C221, C222, C223, C232, C233, C315, C319, C320, C321, C322, C323, C332, C333, C415, C419, C420, C421, C422, C423, C432, C433, C515, C519, C520, C521, C522, C523, C532, C533","220pF","Device:C_Small","Capacitor_SMD:C_0603_1608Metric_Pad1.05x0.95mm_HandSolder","~","","","","",""
"9","4","C235, C335, C435, C535","39nF","Device:C_Small","Capacitor_SMD:C_0603_1608Metric_Pad1.05x0.95mm_HandSolder","~","","","","",""
"10","8","C236, C237, C336, C337, C436, C437, C536, C537","2.7nF","Device:C_Small","Capacitor_SMD:C_0603_1608Metric_Pad1.05x0.95mm_HandSolder","~","","","","",""
"11","2","D1, D2","LED","Device:LED","LED_SMD:LED_0805_2012Metric_Pad1.15x1.40mm_HandSolder","~","","","","",""
"12","1","J1","USB_B_Mini","Connector:USB_B_Mini","Connector_USB:USB_Micro-B_Molex-105017-0001","~","","","","",""
"13","4","J201, J301, J401, J501","Molex 73251-1150 SMA","Connector:Conn_Coaxial","Connector_Coaxial:SMA_Molex_73251-1153_EdgeMount_Horizontal"," ~","","","","",""
"14","4","JP202, JP302, JP402, JP502","BB_CLK_JP","Jumper:SolderJumper_2_Bridged","Jumper:SolderJumper-2_P1.3mm_Bridged_Pad1.0x1.5mm","~","","","","",""
"15","4","JP203, JP303, JP403, JP503","IFCLK_JP","Jumper:SolderJumper_2_Open","Jumper:SolderJumper-2_P1.3mm_Open_Pad1.0x1.5mm","~","","","","",""
"16","2","L1, L4","10uH","Device:L_Small","Inductor_SMD:L_Taiyo-Yuden_NR-60xx_HandSoldering","~","","","","",""
"17","2","L2, L3","4.7uH","Device:L_Small","Inductor_SMD:L_0805_2012Metric_Pad1.15x1.40mm_HandSolder","~","","","","",""
"18","8","L201, L202, L301, L302, L401, L402, L501, L502","150nH","Device:L_Small","Inductor_SMD:L_0603_1608Metric_Pad1.05x0.95mm_HandSolder","~","","","","",""
"19","4","R1, R2, R7, R8","1k","Device:R_Small","Resistor_SMD:R_0603_1608Metric_Pad1.05x0.95mm_HandSolder","~","","","","",""
"20","14","R3, R4, R201, R205, R206, R301, R305, R306, R401, R405, R406, R501, R505, R506","25","Device:R_Small","Resistor_SMD:R_0603_1608Metric_Pad1.05x0.95mm_HandSolder","~","","","","",""
"21","113","R5, R202, R203, R204, R207, R208, R210, R211, R212, R213, R214, R215, R216, R218, R219, R220, R221, R222, R223, R224, R225, R226, R227, R228, R229, R230, R231, R232, R233, R302, R303, R304, R307, R308, R310, R311, R312, R313, R314, R315, R316, R318, R319, R320, R321, R322, R323, R324, R325, R326, R327, R328, R329, R330, R331, R332, R333, R402, R403, R404, R407, R408, R410, R411, R412, R413, R414, R415, R416, R418, R419, R420, R421, R422, R423, R424, R425, R426, R427, R428, R429, R430, R431, R432, R433, R502, R503, R504, R507, R508, R510, R511, R512, R513, R514, R515, R516, R518, R519, R520, R521, R522, R523, R524, R525, R526, R527, R528, R529, R530, R531, R532, R533","0","Device:R_Small","Resistor_SMD:R_0603_1608Metric_Pad1.05x0.95mm_HandSolder","~","","","","",""
"22","9","R6, R237, R242, R337, R342, R437, R442, R537, R542","20k","Device:R_Small","Resistor_SMD:R_0603_1608Metric_Pad1.05x0.95mm_HandSolder","~","","","","",""
"23","2","R9, R10","2.2k","Device:R_Small","Resistor_SMD:R_0603_1608Metric_Pad1.05x0.95mm_HandSolder","~","","","","",""
"24","8","R209, R217, R309, R317, R409, R417, R509, R517","50","Device:R_Small","Resistor_SMD:R_0603_1608Metric_Pad1.05x0.95mm_HandSolder","~","","","","",""
"25","4","R234, R334, R434, R534","499R","Device:R_Small","Resistor_SMD:R_0603_1608Metric_Pad1.05x0.95mm_HandSolder","~","","","","",""
"26","4","R235, R335, R435, R535","360R","Device:R_Small","Resistor_SMD:R_0603_1608Metric_Pad1.05x0.95mm_HandSolder","~","","","","",""
"27","20","R236, R238, R241, R243, R246, R336, R338, R341, R343, R346, R436, R438, R441, R443, R446, R536, R538, R541, R543, R546","0R","Device:R_Small","Resistor_SMD:R_0603_1608Metric_Pad1.05x0.95mm_HandSolder","~","","","","",""
"28","8","R239, R244, R339, R344, R439, R444, R539, R544","40.2k","Device:R_Small","Resistor_SMD:R_0603_1608Metric_Pad1.05x0.95mm_HandSolder","~","","","","",""
"29","8","R240, R245, R340, R345, R440, R445, R540, R545","10k","Device:R_Small","Resistor_SMD:R_0603_1608Metric_Pad1.05x0.95mm_HandSolder","~","","","","",""
"30","1","SW1","SW_Push","Switch:SW_Push","Button_Switch_THT:SW_PUSH_6mm_H5mm","","","","","",""
"31","1","U1","AMS1117-3.3","Regulator_Linear:AMS1117-3.3","Package_TO_SOT_SMD:SOT-223","http://www.advanced-monolithic.com/pdf/ds1117.pdf","","","","",""
"32","1","U2","NB3L553","NB3L553:NB3L553","Package_SO:SOIC-8_3.9x4.9mm_P1.27mm","http://www.farnell.com/datasheets/2354008.pdf","","","","",""
"33","1","U3","CY7C68013A-56PVX","MCU_Cypress:CY7C68013A-56PVX","Package_SO:SSOP-56_7.5x18.5mm_P0.635mm","http://www.cypress.com/file/138911/download","","","","",""
"34","1","U4","USBLC6-2SC6","Power_Protection:USBLC6-2SC6","Package_TO_SOT_SMD:SOT-23-6","http://www2.st.com/resource/en/datasheet/CD00050750.pdf","","","","",""
"35","1","U5","24LC128","Memory_EEPROM:24LC128","Package_SO:SOIC-8_3.9x4.9mm_P1.27mm","http://ww1.microchip.com/downloads/en/DeviceDoc/21191s.pdf","","","","",""
"36","1","U6","MCP1825S","Regulator_Linear:MCP1825S","Package_TO_SOT_SMD:SOT-223-3_TabPin2","http://ww1.microchip.com/downloads/en/devicedoc/22056b.pdf","","","","",""
"37","4","U201, U301, U401, U501","BGA2803","RF_Amplifier:BGA2818","Package_TO_SOT_SMD:SOT-363_SC-70-6","https://www.nxp.com/docs/en/data-sheet/BGA2818.pdf","","","","",""
"38","4","U202, U302, U402, U502","MSi001-Q40","SDR_board-rescue:MSi001-Q40-MSi001","Package_DFN_QFN:Texas_S-PVQFN-N40_EP4.15x4.15mm_ThermalVias","","","","","",""
"39","8","U203, U206, U303, U306, U403, U406, U503, U506","MAX19777AZA+","MAX19777:MAX19777AZA+","footprints:BGA8N35P2X4_85X143X37N","Unavailable","None","IC ADC 12BIT 3MSPS 8WLP","WLP-8 Maxim","Maxim Integrated","MAX19777AZA+"
"40","8","U204, U207, U304, U307, U404, U407, U504, U507","ADS7883","ADS7883:ADS7883","Package_TO_SOT_SMD:SOT-23-6_Handsoldering","https://www.ti.com/lit/ds/symlink/ads7883.pdf","","","","",""
"41","4","U205, U305, U405, U505","LMV712-N","opamps:LMV712-N","Package_SO:MSOP-10_3x3mm_P0.5mm","https://www.ti.com/lit/ds/symlink/lmv712-n.pdf","","","","",""
"42","1","X1","XO32","Oscillator:XO32","Oscillator:Oscillator_SMD_EuroQuartz_XO32-4Pin_3.2x2.5mm","http://cdn-reichelt.de/documents/datenblatt/B400/XO32.pdf","","","","",""
"43","1","Y1","24 MHz","Device:Crystal","Crystal:Crystal_SMD_HC49-SD","~","","","","",""
